<?xml version="1.0" encoding="UTF-8"?>
<Invoice xmlns="urn:oasis:names:specification:ubl:schema:xsd:Invoice-2" xmlns:cac="urn:oasis:names:specification:ubl:schema:xsd:CommonAggregateComponents-2" xmlns:cbc="urn:oasis:names:specification:ubl:schema:xsd:CommonBasicComponents-2" xmlns:ext="urn:oasis:names:specification:ubl:schema:xsd:CommonExtensionComponents-2">
 <cbc:UBLVersionID>2.1</cbc:UBLVersionID>
 <cbc:CustomizationID>2.0</cbc:CustomizationID>
 <cbc:ID>B005-1495</cbc:ID>
 <cbc:IssueDate>2022-11-02</cbc:IssueDate>
 <cbc:InvoiceTypeCode listID="0101" listSchemeURI="urn:pe:gob:sunat:cpe:see:gem:catalogos:catalogo51" name="Tipo de Operacion">03</cbc:InvoiceTypeCode>
 <cbc:Note languageLocaleID="1000">Trescientos ochenta y 00/100 Soles</cbc:Note>
 <cbc:DocumentCurrencyCode listAgencyName="United Nations Economic Commission for Europe" listID="ISO 4217 Alpha" listName="Currency">PEN</cbc:DocumentCurrencyCode>
 <cbc:LineCountNumeric>1</cbc:LineCountNumeric>
 <cac:Signature>
  <cbc:ID>IDSignKG</cbc:ID>
  <cac:SignatoryParty>
   <cac:PartyIdentification>
    <cbc:ID>RUC DEL EMISOR</cbc:ID>
   </cac:PartyIdentification>
   <cac:PartyName>
    <cbc:Name>RAZON SOCIAL EMISOR</cbc:Name>
   </cac:PartyName>
  </cac:SignatoryParty>
  <cac:DigitalSignatureAttachment>
   <cac:ExternalReference>
    <cbc:URI>#SignST</cbc:URI>
   </cac:ExternalReference>
  </cac:DigitalSignatureAttachment>
 </cac:Signature>
 <cac:AccountingSupplierParty>
  <cac:Party>
   <cac:PartyIdentification>
    <cbc:ID schemeAgencyName="PE:SUNAT" schemeID="6" schemeName="Documento de Identidad" schemeURI="urn:pe:gob:sunat:cpe:see:gem:catalogos:catalogo06">20453661971</cbc:ID>
   </cac:PartyIdentification>
   <cac:PartyName>
    <cbc:Name>COMPLEJO EDUCATIVO CABRERA E.I.R.L</cbc:Name>
   </cac:PartyName>
   <cac:PartyLegalEntity>
    <cbc:RegistrationName>COMPLEJO EDUCATIVO CABRERA E.I.R.L</cbc:RegistrationName>
    <cac:RegistrationAddress>
     <cbc:ID schemeAgencyName="PE:INEI" schemeName="Ubigeos">060101</cbc:ID>
     <cbc:AddressTypeCode listAgencyName="PE:SUNAT" listName="Establecimientos anexos">0000</cbc:AddressTypeCode>
     <cbc:CitySubdivisionName>URBANIZACION</cbc:CitySubdivisionName>
     <cbc:CityName>Cajamarca</cbc:CityName>
     <cbc:CountrySubentity>Cajamarca</cbc:CountrySubentity>
     <cbc:District>Cajamarca</cbc:District>
     <cac:AddressLine>
      <cbc:Line>Jr. Los Próceres 309</cbc:Line>
     </cac:AddressLine>
     <cac:Country>
      <cbc:IdentificationCode listAgencyName="United Nations Economic Commission for Europe" listID="ISO 3166-1" listName="Country">PE</cbc:IdentificationCode>
     </cac:Country>
    </cac:RegistrationAddress>
   </cac:PartyLegalEntity>
  </cac:Party>
 </cac:AccountingSupplierParty>
 <cac:AccountingCustomerParty>
  <cac:Party>
   <cac:PartyIdentification>
    <cbc:ID schemeAgencyName="PE:SUNAT" schemeID="1" schemeName="Documento de Identidad" schemeURI="urn:pe:gob:sunat:cpe:see:gem:catalogos:catalogo06">61412219</cbc:ID>
   </cac:PartyIdentification>
   <cac:PartyName>
    <cbc:Name>MONCADA GARAY MANUEL JESUS</cbc:Name>
   </cac:PartyName>
   <cac:PartyLegalEntity>
    <cbc:RegistrationName>MONCADA GARAY MANUEL JESUS</cbc:RegistrationName>
    <cac:RegistrationAddress>
     <cbc:ID schemeAgencyName="PE:INEI" schemeName="Ubigeos">060101</cbc:ID>
     <cbc:CitySubdivisionName></cbc:CitySubdivisionName>
     <cbc:CityName>Cajamarca</cbc:CityName>
     <cbc:CountrySubentity>Cajamarca</cbc:CountrySubentity>
     <cbc:District>Cajamarca</cbc:District>
     <cac:AddressLine>
      <cbc:Line></cbc:Line>
     </cac:AddressLine>
     <cac:Country>
      <cbc:IdentificationCode listAgencyName="United Nations Economic Commission for Europe" listID="ISO 3166-1" listName="Country">PE</cbc:IdentificationCode>
     </cac:Country>
    </cac:RegistrationAddress>
   </cac:PartyLegalEntity>
   <cac:Contact>
    <cbc:ElectronicMail></cbc:ElectronicMail>
   </cac:Contact>
  </cac:Party>
 </cac:AccountingCustomerParty>
 <cac:TaxTotal>
  <cbc:TaxAmount currencyID="PEN">0.00</cbc:TaxAmount>
  <cac:TaxSubtotal>
   <cbc:TaxableAmount currencyID="PEN">380.00</cbc:TaxableAmount>
   <cbc:TaxAmount currencyID="PEN">0</cbc:TaxAmount>
   <cac:TaxCategory>
    <cac:TaxScheme>
     <cbc:ID schemeAgencyID="6" schemeID="UN/ECE 5153">9998</cbc:ID>
     <cbc:Name>INA</cbc:Name>
     <cbc:TaxTypeCode>FRE</cbc:TaxTypeCode>
    </cac:TaxScheme>
   </cac:TaxCategory>
  </cac:TaxSubtotal>
 </cac:TaxTotal>
 <cac:LegalMonetaryTotal>
  <cbc:LineExtensionAmount currencyID="PEN">380.00</cbc:LineExtensionAmount>
  <cbc:TaxInclusiveAmount currencyID="PEN">380.00</cbc:TaxInclusiveAmount>
  <cbc:PayableAmount currencyID="PEN">380.00</cbc:PayableAmount>
 </cac:LegalMonetaryTotal>
 <cac:InvoiceLine>
  <cbc:ID>1</cbc:ID>
  <cbc:Note>UNIDAD</cbc:Note>
  <cbc:InvoicedQuantity unitCode="ZZ" unitCodeListAgencyName="United Nations Economic Commission for Europe" unitCodeListID="UN/ECE rec 20">1</cbc:InvoicedQuantity>
  <cbc:LineExtensionAmount currencyID="PEN">380.00</cbc:LineExtensionAmount>
  <cac:PricingReference>
   <cac:AlternativeConditionPrice>
    <cbc:PriceAmount currencyID="PEN">380.00</cbc:PriceAmount>
    <cbc:PriceTypeCode listAgencyName="PE:SUNAT" listName="Tipo de Precio" listURI="urn:pe:gob:sunat:cpe:see:gem:catalogos:catalogo16">01</cbc:PriceTypeCode>
   </cac:AlternativeConditionPrice>
  </cac:PricingReference>
  <cac:TaxTotal>
   <cbc:TaxAmount currencyID="PEN">0.00</cbc:TaxAmount>
   <cac:TaxSubtotal>
    <cbc:TaxableAmount currencyID="PEN">380.00</cbc:TaxableAmount>
    <cbc:TaxAmount currencyID="PEN">0.00</cbc:TaxAmount>
    <cac:TaxCategory>
     <cbc:Percent>0.00</cbc:Percent>
     <cbc:TaxExemptionReasonCode listAgencyName="PE:SUNAT" listName="Afectacion del IGV" listURI="urn:pe:gob:sunat:cpe:see:gem:catalogos:catalogo07">30</cbc:TaxExemptionReasonCode>
     <cac:TaxScheme>
      <cbc:ID schemeAgencyName="PE:SUNAT" schemeName="Codigo de tributos" schemeURI="urn:pe:gob:sunat:cpe:see:gem:catalogos:catalogo05">9998</cbc:ID>
      <cbc:Name>INA</cbc:Name>
      <cbc:TaxTypeCode>FRE</cbc:TaxTypeCode>
     </cac:TaxScheme>
    </cac:TaxCategory>
   </cac:TaxSubtotal>
  </cac:TaxTotal>
  <cac:Item>
   <cbc:Description>OCTUBRE - 2° B SECUNDARIA</cbc:Description>
   <cac:SellersItemIdentification>
    <cbc:ID>9</cbc:ID>
   </cac:SellersItemIdentification>
  </cac:Item>
  <cac:Price>
   <cbc:PriceAmount currencyID="PEN">380.00</cbc:PriceAmount>
  </cac:Price>
 </cac:InvoiceLine>
</Invoice>
